{"overall": 84.89, "perQuestionType": {"what is this": 85.84, "what": 77.08, "what color is the": 92.01, "is this": 98.35, "what is the person": 87.22, "what is in the": 81.36, "is the": 96.35, "is there": 98.02, "what is the": 79.09, "is": 96.96, "is the man": 96.88, "none of the above": 82.32, "does the": 96.26, "are the": 95.76, "was": 98.19, "how many": 71.74, "what color is": 93.41, "what is the man": 84.45, "what is on the": 76.65, "what is": 78.96, "how many people are in": 68.49, "is there a": 97.93, "is it": 98.96, "is the person": 95.9, "what does the": 69.48, "is this a": 98.88, "how": 53.49, "are there": 97.92, "has": 96.58, "could": 97.73, "where is the": 52.12, "are": 93.86, "are they": 98.09, "are these": 98.18, "why is the": 34.97, "how many people are": 69.72, "what color are the": 90.08, "what type of": 80.08, "where are the": 52.71, "what kind of": 79.65, "which": 67.98, "do": 94.74, "what is the name": 70.54, "is this an": 99.32, "what is the color of the": 92.44, "what color": 90.67, "what sport is": 98.11, "what are": 84.67, "what brand": 78.77, "what time": 31.67, "what are the": 79.81, "does this": 97.91, "is the woman": 96.81, "are there any": 98.67, "is that a": 98.16, "what animal is": 93.36, "why": 35.5, "do you": 98.2, "what is the woman": 82.95, "is this person": 98.17, "can you": 95.24, "is he": 97.98, "who is": 74.81, "what room is": 98.24, "what number is": 60.58}, "perAnswerType": {"other": 80.02, "yes/no": 97.52, "number": 66.84}}